<?xml version="1.0" encoding="UTF-8"?>
<project-private xmlns="http://www.netbeans.org/ns/project-private/1">
    <editor-bookmarks xmlns="http://www.netbeans.org/ns/editor-bookmarks/2" lastBookmarkId="0"/>
    <open-files xmlns="http://www.netbeans.org/ns/projectui-open-files/2">
        <group>
            <file>file:/D:/JavaPresentation/AzaleasAirWeb/src/java/aac/controller/BookingSystemServlet.java</file>
            <file>file:/D:/JavaPresentation/AzaleasAirWeb/web/WEB-INF/subviews/booking_system/credit_pay.jsp</file>
        </group>
    </open-files>
</project-private>
